country,customer_count,transaction_count,total_revenue,avg_transaction_value
"United Kingdom",5334,712723,14569119.409984818,20.44
EIRE,3,15693,600334.8600000001,38.25
Netherlands,22,4982,549951.0100000063,110.39
Germany,107,16011,388271.08000000176,24.25
France,94,13293,315459.5799999982,23.73
Australia,15,1805,168417.15999999965,93.31
Spain,38,3605,98561.46999999932,27.34
Switzerland,22,2956,93624.34,31.67
Sweden,19,1267,86045.14000000022,67.91
Denmark,12,775,68560.18999999997,88.46
